{
  "content": [
	{
	  "path": "SimObjects/AirPlanes/Asobo_A320_NEO-Simply-NHS/aircraft.cfg",
	  "size": 4122,
	  "date": 1613520577892
	},
	{
	  "path": "SimObjects/AirPlanes/Asobo_A320_NEO-Simply-NHS/MODEL.AIA320/model.cfg",
	  "size": 249,
	  "date": 1599874689959
	},
	{
	  "path": "SimObjects/AirPlanes/Asobo_A320_NEO-Simply-NHS/MODEL.MAIN/model.cfg",
	  "size": 938,
	  "date": 1604108976201
	},
	{
	  "path": "SimObjects/AirPlanes/Asobo_A320_NEO-Simply-NHS/TEXTURE.SIMPLY_NHS/A320NEO_AIRFRAME_ENGINES_ALBD.PNG.dds",
	  "size": 33554560,
	  "date": 1607204580165
	},
	{
	  "path": "SimObjects/AirPlanes/Asobo_A320_NEO-Simply-NHS/TEXTURE.SIMPLY_NHS/A320NEO_AIRFRAME_ENGINES_ALBD.PNG.DDS.json",
	  "size": 102,
	  "date": 1599526474000
	},
	{
	  "path": "SimObjects/AirPlanes/Asobo_A320_NEO-Simply-NHS/TEXTURE.SIMPLY_NHS/A320NEO_AIRFRAME_FUSELAGE_ALBD.PNG.dds",
	  "size": 67109012,
	  "date": 1613520093963
	},
	{
	  "path": "SimObjects/AirPlanes/Asobo_A320_NEO-Simply-NHS/TEXTURE.SIMPLY_NHS/A320NEO_AIRFRAME_FUSELAGE_ALBD.PNG.DDS.json",
	  "size": 102,
	  "date": 1599526474000
	},
	{
	  "path": "SimObjects/AirPlanes/Asobo_A320_NEO-Simply-NHS/TEXTURE.SIMPLY_NHS/A320NEO_AIRFRAME_LIVERY_ALBD.PNG.DDS",
	  "size": 4194432,
	  "date": 1605870994771
	},
	{
	  "path": "SimObjects/AirPlanes/Asobo_A320_NEO-Simply-NHS/TEXTURE.SIMPLY_NHS/A320NEO_AIRFRAME_LIVERY_ALBD.PNG.DDS.json",
	  "size": 119,
	  "date": 1599526474000
	},
	{
	  "path": "SimObjects/AirPlanes/Asobo_A320_NEO-Simply-NHS/TEXTURE.SIMPLY_NHS/A320NEO_AIRFRAME_LIVERY_TEXTS_ALBD.PNG.dds",
	  "size": 132,
	  "date": 1596424470000
	},
	{
	  "path": "SimObjects/AirPlanes/Asobo_A320_NEO-Simply-NHS/TEXTURE.SIMPLY_NHS/A320NEO_AIRFRAME_LIVERY_TEXTS_ALBD.PNG.DDS.json",
	  "size": 119,
	  "date": 1599526474000
	},
	{
	  "path": "SimObjects/AirPlanes/Asobo_A320_NEO-Simply-NHS/TEXTURE.SIMPLY_NHS/A320NEO_AIRFRAME_WINGS_ALBD.PNG.dds",
	  "size": 67109012,
	  "date": 1613520357738
	},
	{
	  "path": "SimObjects/AirPlanes/Asobo_A320_NEO-Simply-NHS/TEXTURE.SIMPLY_NHS/A320NEO_AIRFRAME_WINGS_ALBD.PNG.DDS.json",
	  "size": 102,
	  "date": 1599526474000
	},
	{
	  "path": "SimObjects/AirPlanes/Asobo_A320_NEO-Simply-NHS/TEXTURE.SIMPLY_NHS/texture.CFG",
	  "size": 205,
	  "date": 1599526474000
	},
	{
	  "path": "SimObjects/AirPlanes/Asobo_A320_NEO-Simply-NHS/TEXTURE.SIMPLY_NHS/thumbnail.jpg",
	  "size": 45203,
	  "date": 1607210393392
	},
	{
	  "path": "SimObjects/AirPlanes/Asobo_A320_NEO-Simply-NHS/TEXTURE.SIMPLY_NHS/thumbnail_small.jpg",
	  "size": 10174,
	  "date": 1607210393416
	}
  ]
}
