﻿<?xml version="1.0" encoding="utf-8" ?>
<!--
DO NOT EDIT THIS FILE. IT WILL GET OVERWRITTEN IN AN UPDATE.

Instead, create your own. See the docs:
https://docs.phpvms.net/acars/configmaps

Contributed by B.Fatih KOZ <https://github.com/FatihKoz>
-->
<Rules>
  <Rule Simulator="X-Plane" TitleContains="FJS 732">
    <BeaconLights>
      <Key Type="Int" Key="FJS/732/lights/AntiColLightSwitch" Value="1"/>
    </BeaconLights>
    <LandingLights>
      <Key Type="Int" Key="FJS/732/lights/InBoundLLightSwitch1" Value="1"/>
      <Key Type="Int" Key="FJS/732/lights/InBoundLLightSwitch2" Value="1"/>
      <Key Type="Int" Key="FJS/732/lights/OutBoundLLightSwitch1" Value="2"/>
      <Key Type="Int" Key="FJS/732/lights/OutBoundLLightSwitch2" Value="2"/>
    </LandingLights>
    <NavigationLights>
      <Key Type="Int" Key="FJS/732/lights/PositionLightSwitch" Value="1"/>
    </NavigationLights>
    <StrobeLights>
      <Key Type="Int" Key="FJS/732/lights/StrobeLightSwitch" Value="1"/>
    </StrobeLights>
    <TaxiLight>
      <Key Type="Int" Key="FJS/732/lights/TaxiLightSwitch" Value="1"/>
    </TaxiLight>
    <WingLight>
      <Key Type="Int" Key="FJS/732/lights/WingLightSwitch" Value="1"/>
    </WingLight>
    <LogoLight>
      <Key Type="Int" Key="FJS/732/lights/LogoLightSwitch" Value="1"/>
    </LogoLight>
  </Rule>
</Rules>