﻿<?xml version="1.0" encoding="utf-8" ?>
<!--

DO NOT EDIT THIS FILE
IT WILL GET OVERWRITTEN IN AN UPDATE.

Instead, create your own. See the docs:
https://docs.phpvms.net/acars/configmaps

-->
<Rules>
  <Rule Simulator="X-Plane" TitleContains="JARDesign A330">
    <BeaconLights>
      <Key Type="Int" Key="sim/custom/xap/extlight/beacon_sw" Value="1"/>
    </BeaconLights>
    <LandingLights>
      <Key Type="Int" Key="sim/custom/xap/extlight/land_sw" Value="1"/>
      <Key Type="Int" Key="sim/custom/xap/extlight/nose_sw" Value="1|2"/>
    </LandingLights>
    <NavigationLights>
      <Key Type="Int" Key="sim/custom/xap/extlight/navlogo_sw" Value="1|2"/>
    </NavigationLights>
    <StrobeLights>
      <Key Type="Int" Key="sim/custom/xap/extlight/strobe_sw" Value="1|2"/>
    </StrobeLights>
    <TaxiLight>
      <Key Type="Int" Key="sim/custom/xap/extlight/nose_sw" Value="1"/>
    </TaxiLight>
  </Rule>
</Rules>