﻿<?xml version="1.0" encoding="utf-8" ?>
<!--

DO NOT EDIT THIS FILE
IT WILL GET OVERWRITTEN IN AN UPDATE.

Instead, create your own. See the docs:
https://docs.phpvms.net/acars/configmaps

-->
<ConfigMap>
  <!-- The values for Microsoft Flight don't do anything for now -->
  <Simulator Name="Microsoft Flight">
    <Features>
      <BeaconLights>
        <Key Type="Boolean" Key="LIGHT BEACON ON"/>
      </BeaconLights>
      <LandingLights>
        <Key Type="Boolean" Key="LIGHT LANDING ON" />
      </LandingLights>
      <NavigationLights>
        <Key Type="Mask" Key="LIGHT NAV ON" />
      </NavigationLights>
      <StrobeLights>
        <Key Type="Boolean" Key="LIGHT STROBE ON" />
      </StrobeLights>
      <TaxiLight>
        <Key Type="Boolean" Key="LIGHT TAXI ON" />
      </TaxiLight>
    </Features>
  </Simulator>
  <Simulator Name="FSX/Prepar3d">
    <!--
    General FSUIPC offsets that are used by aircraft. These are used to read
    the states of these features.
    -->
    <Features>
      <BeaconLights>
        <Key Type="Mask" Key="0x0D0C" Value="2"/>
      </BeaconLights>
      <LandingLights>
        <Key Type="Mask" Key="0x0D0C" Value="4"/>
      </LandingLights>
      <NavigationLights>
        <Key Type="Mask" Key="0x0D0C" Value="1"/>
      </NavigationLights>
      <StrobeLights>
        <Key Type="Mask" Key="0x0D0C" Value="16"/>
      </StrobeLights>
      <TaxiLight>
        <Key Type="Mask" Key="0x0D0C" Value="8"/>
      </TaxiLight>
    </Features>
  </Simulator>
  <Simulator Name="X-Plane">
    <!--
    Default DRefs we use for determining feature statuses. Can be overridden for
    specific aircraft. See the <Rules> section below
    -->
    <Features>
      <BeaconLights>
        <Key Type="Boolean" Key="sim/cockpit2/switches/beacon_on"/>
      </BeaconLights>
      <LandingLights>
        <Key Type="Boolean" Key="sim/cockpit2/switches/landing_lights_on"/>
      </LandingLights>
      <NavigationLights>
        <Key Type="Boolean" Key="sim/cockpit2/switches/navigation_lights_on"/>
      </NavigationLights>
      <StrobeLights>
        <Key Type="Boolean" Key="sim/cockpit2/switches/strobe_lights_on"/>
      </StrobeLights>
      <TaxiLight>
        <Key Type="Boolean" Key="sim/cockpit2/switches/taxi_light_on"/>
      </TaxiLight>
    </Features>
  </Simulator>
</ConfigMap>
