﻿<?xml version="1.0" encoding="utf-8" ?>
<!--

DO NOT EDIT THIS FILE
IT WILL GET OVERWRITTEN IN AN UPDATE.

Instead, create your own. See the docs:
https://docs.phpvms.net/acars/configmaps

-->
<!--
  These rules are specific for a given aircraft. The TitleContains field looks
  at the aircraft title (0x3D00) and looks for all of the given values (space separated)
  to ensure that they're all present
  -->
<Rules>
  <Rule Simulator="FSX/Prepar3d" TitleContains="PMDG 737">
    <BeaconLights>
      <Key Type="Byte" Key="0x6501" Value="1"/>
    </BeaconLights>
    <LandingLights>
      <Key Type="Byte" Key="0x64F4" Value="2"/>
      <Key Type="Byte" Key="0x64F6" Value="1"/>
    </LandingLights>
    <NavigationLights>
      <Key Type="Byte" Key="0x6500" Value="0|2"/>
    </NavigationLights>
    <StrobeLights>
      <Key Type="Byte" Key="0x6500" Value="2"/>
    </StrobeLights>
    <TaxiLight>
      <Key Type="Byte" Key="0x64FA" Value="1"/>
    </TaxiLight>
  </Rule>
  <Rule Simulator="FSX/Prepar3d" TitleContains="PMDG 747">
    <BeaconLights>
      <Key Type="Byte" Key="0x650A" Value="0|2"/>
    </BeaconLights>
    <LandingLights>
      <Key Type="Byte" Key="0x6506" Value="1"/>
    </LandingLights>
    <NavigationLights>
      <Key Type="Byte" Key="0x650B" Value="0|2"/>
    </NavigationLights>
    <StrobeLights>
      <Key Type="Byte" Key="0x6511" Value="1"/>
    </StrobeLights>
    <TaxiLight>
      <Key Type="Byte" Key="0x6510" Value="1"/>
    </TaxiLight>
  </Rule>
  <Rule Simulator="FSX/Prepar3d" TitleContains="PMDG 777">
    <BeaconLights>
      <Key Type="Byte" Key="0x6488" Value="1"/>
    </BeaconLights>
    <LandingLights>
      <Key Type="Byte" Key="6485" Value="1"/>
    </LandingLights>
    <NavigationLights>
      <Key Type="Byte" Key="0x6489" Value="1"/>
    </NavigationLights>
    <StrobeLights>
      <Key Type="Byte" Key="0x648F" Value="1"/>
    </StrobeLights>
    <TaxiLight>
      <Key Type="Byte" Key="0x648E" Value="1"/>
    </TaxiLight>
  </Rule>
</Rules>