﻿<?xml version="1.0" encoding="utf-8" ?>
<!--

DO NOT EDIT THIS FILE
IT WILL GET OVERWRITTEN IN AN UPDATE.

Instead, create your own. See the docs:
https://docs.phpvms.net/acars/configmaps

-->
<Rules>
  <!--
    Rules specific to the FlightFactor A320 Aircraft
  -->
  <Rule Simulator="X-Plane" TitleContains="FlightFactor A320">
    <BeaconLights>
      <Key Type="Boolean" Key="a320/Overhead/LightBeacon"/>
    </BeaconLights>
    <LandingLights>
      <Key Type="Int" Key="a320/Overhead/LightLandL" Value="2"/>
      <Key Type="Int" Key="a320/Overhead/LightLandR" Value="2"/>
      <Key Type="Int" Key="a320/Overhead/LightNose" Value="2"/>
    </LandingLights>
    <NavigationLights>
      <Key Type="Int" Key="a320/Overhead/LightLogo" Value="1|2"/>
    </NavigationLights>
    <StrobeLights>
      <Key Type="Int" Key="a320/Overhead/LightStrobe" Value="2"/>
    </StrobeLights>
    <TaxiLight>
      <Key Type="Int" Key="a320/Overhead/LightNose" Value="1|2"/>
    </TaxiLight>
    <WingLight>
      <Key Type="Boolean" Key="a320/Overhead/LightWing"/>
    </WingLight>
  </Rule>
</Rules>