{"airlineConfig":{"defaultBaroHpa":true,"gpwsCallouts":{"s30":true,"s10":true,"s40":true,"s20":true,"s50":true,"s300":true,"s2500":true,"s500":true,"s400":true,"s100":true,"s200":true,"s1000":true,"s400up":false},"liveryVersion":1,"useMetersL":false,"defaultWeightKgs":false,"headingHorizon":true,"icaoId":"A00B88","tailNumber":"HS-TWB","satcomDishDisabled":true,"selcalCode":"DP-JR","useRREngines":1,"pfdAOAIndicator":false,"airlineId":"TG","useMetersR":false,"pmCallouts":{"a1000":true,"a1000ToGo":true,"a400":true,"rotate":true,"a1000Stabilized":true,"a80kts":true,"v1":true}},"comments":["This settings file is the settings file for the default livery"]}